<edmx:Edmx xmlns:edmx="http://schemas.microsoft.com/ado/2007/06/edmx"
	xmlns:m="http://schemas.microsoft.com/ado/2007/08/dataservices/metadata" xmlns:sap="http://www.sap.com/Protocols/SAPData" Version="1.0">
	<edmx:DataServices m:DataServiceVersion="2.0">
		<Schema xmlns="http://schemas.microsoft.com/ado/2008/09/edm" Namespace="ZUX402_FLIGHT_00_SRV" xml:lang="de" sap:schema-version="1">
			<EntityType Name="Flight" sap:content-version="1">
				<Key><PropertyRef Name="Carrid"/><PropertyRef Name="Connid"/><PropertyRef Name="Fldate"/></Key><Property Name="Carrid" Type="Edm.String" Nullable="false" MaxLength="3" sap:unicode="false" sap:label="Fluggesellschaft"
					sap:creatable="false" sap:updatable="false"/><Property Name="Connid" Type="Edm.String" Nullable="false" MaxLength="4" sap:unicode="false" sap:label="Flugnummer" sap:creatable="false"
					sap:updatable="false"/><Property Name="Fldate" Type="Edm.DateTime" Nullable="false" Precision="7" sap:unicode="false" sap:label="Flugdatum" sap:creatable="false"
					sap:updatable="false" sap:sortable="false" sap:filterable="false"/><Property Name="Price" Type="Edm.Decimal" Nullable="false" Precision="16" Scale="3" sap:unicode="false" sap:unit="Currency"
					sap:label="Flugpreis" sap:creatable="false" sap:sortable="false" sap:filterable="false"/><Property Name="Currency" Type="Edm.String" Nullable="false" MaxLength="5" sap:unicode="false" sap:label="Währ. d. Flugg."
					sap:creatable="false" sap:sortable="false" sap:filterable="false" sap:semantics="currency-code"/><Property Name="Planetype" Type="Edm.String" Nullable="false" MaxLength="10" sap:unicode="false" sap:label="Flugzeugtyp"
					sap:sortable="false" sap:filterable="false"/><Property Name="Seatsmax" Type="Edm.Int32" Nullable="false" sap:unicode="false" sap:label="Max. Belegung Eco." sap:sortable="false"
					sap:filterable="false"/><Property Name="Seatsocc" Type="Edm.Int32" Nullable="false" sap:unicode="false" sap:label="Belegung Eco." sap:sortable="false"
					sap:filterable="false"/><Property Name="Paymentsum" Type="Edm.Decimal" Nullable="false" Precision="18" Scale="3" sap:unicode="false" sap:unit="Currency"
					sap:label="Akt. Summe" sap:creatable="false" sap:updatable="false" sap:sortable="false" sap:filterable="false"/><Property Name="SeatsmaxB" Type="Edm.Int32" Nullable="false" sap:unicode="false" sap:label="Max. Belegung Bus." sap:creatable="false"
					sap:updatable="false" sap:sortable="false" sap:filterable="false"/><Property Name="SeatsoccB" Type="Edm.Int32" Nullable="false" sap:unicode="false" sap:label="Belegung Bus." sap:creatable="false"
					sap:updatable="false" sap:sortable="false" sap:filterable="false"/><Property Name="SeatsmaxF" Type="Edm.Int32" Nullable="false" sap:unicode="false" sap:label="Max. Belegung 1st." sap:creatable="false"
					sap:updatable="false" sap:sortable="false" sap:filterable="false"/><Property Name="SeatsoccF" Type="Edm.Int32" Nullable="false" sap:unicode="false" sap:label="Belegung 1st." sap:creatable="false"
					sap:updatable="false" sap:sortable="false" sap:filterable="false"/></EntityType>
			<EntityType Name="Currency" sap:content-version="1">
				<Key><PropertyRef Name="Spras"/><PropertyRef Name="Waers"/></Key><Property Name="Spras" Type="Edm.String" Nullable="false" MaxLength="2" sap:unicode="false" sap:label="Sprache" sap:creatable="false"
					sap:updatable="false" sap:sortable="false"/><Property Name="Waers" Type="Edm.String" Nullable="false" MaxLength="5" sap:unicode="false" sap:label="Währung" sap:creatable="false"
					sap:updatable="false" sap:sortable="false" sap:semantics="currency-code"/><Property Name="Ltext" Type="Edm.String" Nullable="false" MaxLength="40" sap:unicode="false" sap:label="Langtext" sap:creatable="false"
					sap:updatable="false" sap:sortable="false" sap:filterable="false"/><Property Name="Ktext" Type="Edm.String" Nullable="false" MaxLength="15" sap:unicode="false" sap:label="Kurztext" sap:creatable="false"
					sap:updatable="false" sap:sortable="false" sap:filterable="false"/></EntityType>
			<EntityContainer Name="ZUX402_FLIGHT_00_SRV_Entities" m:IsDefaultEntityContainer="true" sap:supported-formats="atom json xlsx"><EntitySet Name="FlightSet" EntityType="ZUX402_FLIGHT_00_SRV.Flight" sap:creatable="false" sap:deletable="false" sap:pageable="false"
				sap:content-version="1"/><EntitySet Name="CurrencySet" EntityType="ZUX402_FLIGHT_00_SRV.Currency" sap:creatable="false" sap:updatable="false" sap:deletable="false"
				sap:pageable="false" sap:content-version="1"/></EntityContainer><atom:link xmlns:atom="http://www.w3.org/2005/Atom" rel="self"
				href="https://fsd.virtual:8000/sap/opu/odata/sap/ZUX402_FLIGHT_00_SRV/$metadata"/><atom:link xmlns:atom="http://www.w3.org/2005/Atom" rel="latest-version"
				href="https://fsd.virtual:8000/sap/opu/odata/sap/ZUX402_FLIGHT_00_SRV/$metadata"/></Schema>
	</edmx:DataServices>
</edmx:Edmx>