{"d":{"results":[{"__metadata":{"id":"http://fsdhost.wdf.sap.corp:8011/sap/opu/odata/iwbep/rmtsampleflight_2/CarrierCollection('AA')","uri":"http://fsdhost.wdf.sap.corp:8011/sap/opu/odata/iwbep/rmtsampleflight_2/CarrierCollection('AA')","type":"rmtsampleflight_2.Carrier","content_type":"text/html","media_src":"http://www.aa.com"},"AirLineID":"AA","AirLineName":"American Airlines","LocalCurrencyCode":"USD","URL":"http://www.aa.com","MimeType":"text/html","CarrierFlights":{"__deferred":{"uri":"http://fsdhost.wdf.sap.corp:8011/sap/opu/odata/iwbep/rmtsampleflight_2/CarrierCollection('AA')/CarrierFlights"}}},{"__metadata":{"id":"http://fsdhost.wdf.sap.corp:8011/sap/opu/odata/iwbep/rmtsampleflight_2/CarrierCollection('AC')","uri":"http://fsdhost.wdf.sap.corp:8011/sap/opu/odata/iwbep/rmtsampleflight_2/CarrierCollection('AC')","type":"rmtsampleflight_2.Carrier","content_type":"text/html","media_src":"http://www.aircanada.ca"},"AirLineID":"AC","AirLineName":"Air Canada","LocalCurrencyCode":"CAD","URL":"http://www.aircanada.ca","MimeType":"text/html","CarrierFlights":{"__deferred":{"uri":"http://fsdhost.wdf.sap.corp:8011/sap/opu/odata/iwbep/rmtsampleflight_2/CarrierCollection('AC')/CarrierFlights"}}},{"__metadata":{"id":"http://fsdhost.wdf.sap.corp:8011/sap/opu/odata/iwbep/rmtsampleflight_2/CarrierCollection('AF')","uri":"http://fsdhost.wdf.sap.corp:8011/sap/opu/odata/iwbep/rmtsampleflight_2/CarrierCollection('AF')","type":"rmtsampleflight_2.Carrier","content_type":"text/html","media_src":"http://www.airfrance.fr"},"AirLineID":"AF","AirLineName":"Air France","LocalCurrencyCode":"EUR","URL":"http://www.airfrance.fr","MimeType":"text/html","CarrierFlights":{"__deferred":{"uri":"http://fsdhost.wdf.sap.corp:8011/sap/opu/odata/iwbep/rmtsampleflight_2/CarrierCollection('AF')/CarrierFlights"}}},{"__metadata":{"id":"http://fsdhost.wdf.sap.corp:8011/sap/opu/odata/iwbep/rmtsampleflight_2/CarrierCollection('AZ')","uri":"http://fsdhost.wdf.sap.corp:8011/sap/opu/odata/iwbep/rmtsampleflight_2/CarrierCollection('AZ')","type":"rmtsampleflight_2.Carrier","content_type":"text/html","media_src":"http://www.alitalia.it"},"AirLineID":"AZ","AirLineName":"Alitalia","LocalCurrencyCode":"EUR","URL":"http://www.alitalia.it","MimeType":"text/html","CarrierFlights":{"__deferred":{"uri":"http://fsdhost.wdf.sap.corp:8011/sap/opu/odata/iwbep/rmtsampleflight_2/CarrierCollection('AZ')/CarrierFlights"}}},{"__metadata":{"id":"http://fsdhost.wdf.sap.corp:8011/sap/opu/odata/iwbep/rmtsampleflight_2/CarrierCollection('BA')","uri":"http://fsdhost.wdf.sap.corp:8011/sap/opu/odata/iwbep/rmtsampleflight_2/CarrierCollection('BA')","type":"rmtsampleflight_2.Carrier","content_type":"text/html","media_src":"http://www.british-airways.com"},"AirLineID":"BA","AirLineName":"British Airways","LocalCurrencyCode":"GBP","URL":"http://www.british-airways.com","MimeType":"text/html","CarrierFlights":{"__deferred":{"uri":"http://fsdhost.wdf.sap.corp:8011/sap/opu/odata/iwbep/rmtsampleflight_2/CarrierCollection('BA')/CarrierFlights"}}},{"__metadata":{"id":"http://fsdhost.wdf.sap.corp:8011/sap/opu/odata/iwbep/rmtsampleflight_2/CarrierCollection('FJ')","uri":"http://fsdhost.wdf.sap.corp:8011/sap/opu/odata/iwbep/rmtsampleflight_2/CarrierCollection('FJ')","type":"rmtsampleflight_2.Carrier","content_type":"text/html","media_src":"http://www.airpacific.com"},"AirLineID":"FJ","AirLineName":"Air Pacific","LocalCurrencyCode":"USD","URL":"http://www.airpacific.com","MimeType":"text/html","CarrierFlights":{"__deferred":{"uri":"http://fsdhost.wdf.sap.corp:8011/sap/opu/odata/iwbep/rmtsampleflight_2/CarrierCollection('FJ')/CarrierFlights"}}},{"__metadata":{"id":"http://fsdhost.wdf.sap.corp:8011/sap/opu/odata/iwbep/rmtsampleflight_2/CarrierCollection('CO')","uri":"http://fsdhost.wdf.sap.corp:8011/sap/opu/odata/iwbep/rmtsampleflight_2/CarrierCollection('CO')","type":"rmtsampleflight_2.Carrier","content_type":"text/html","media_src":"http://www.continental.com"},"AirLineID":"CO","AirLineName":"Continental Airlines","LocalCurrencyCode":"USD","URL":"http://www.continental.com","MimeType":"text/html","CarrierFlights":{"__deferred":{"uri":"http://fsdhost.wdf.sap.corp:8011/sap/opu/odata/iwbep/rmtsampleflight_2/CarrierCollection('CO')/CarrierFlights"}}},{"__metadata":{"id":"http://fsdhost.wdf.sap.corp:8011/sap/opu/odata/iwbep/rmtsampleflight_2/CarrierCollection('DL')","uri":"http://fsdhost.wdf.sap.corp:8011/sap/opu/odata/iwbep/rmtsampleflight_2/CarrierCollection('DL')","type":"rmtsampleflight_2.Carrier","content_type":"text/html","media_src":"http://www.delta-air.com"},"AirLineID":"DL","AirLineName":"Delta Airlines","LocalCurrencyCode":"USD","URL":"http://www.delta-air.com","MimeType":"text/html","CarrierFlights":{"__deferred":{"uri":"http://fsdhost.wdf.sap.corp:8011/sap/opu/odata/iwbep/rmtsampleflight_2/CarrierCollection('DL')/CarrierFlights"}}},{"__metadata":{"id":"http://fsdhost.wdf.sap.corp:8011/sap/opu/odata/iwbep/rmtsampleflight_2/CarrierCollection('AB')","uri":"http://fsdhost.wdf.sap.corp:8011/sap/opu/odata/iwbep/rmtsampleflight_2/CarrierCollection('AB')","type":"rmtsampleflight_2.Carrier","content_type":"text/html","media_src":"http://www.airberlin.de"},"AirLineID":"AB","AirLineName":"Air Berlin","LocalCurrencyCode":"EUR","URL":"http://www.airberlin.de","MimeType":"text/html","CarrierFlights":{"__deferred":{"uri":"http://fsdhost.wdf.sap.corp:8011/sap/opu/odata/iwbep/rmtsampleflight_2/CarrierCollection('AB')/CarrierFlights"}}},{"__metadata":{"id":"http://fsdhost.wdf.sap.corp:8011/sap/opu/odata/iwbep/rmtsampleflight_2/CarrierCollection('LH')","uri":"http://fsdhost.wdf.sap.corp:8011/sap/opu/odata/iwbep/rmtsampleflight_2/CarrierCollection('LH')","type":"rmtsampleflight_2.Carrier","content_type":"text/html","media_src":"http://www.lufthansa.com"},"AirLineID":"LH","AirLineName":"Lufthansa","LocalCurrencyCode":"EUR","URL":"http://www.lufthansa.com","MimeType":"text/html","CarrierFlights":{"__deferred":{"uri":"http://fsdhost.wdf.sap.corp:8011/sap/opu/odata/iwbep/rmtsampleflight_2/CarrierCollection('LH')/CarrierFlights"}}},{"__metadata":{"id":"http://fsdhost.wdf.sap.corp:8011/sap/opu/odata/iwbep/rmtsampleflight_2/CarrierCollection('NG')","uri":"http://fsdhost.wdf.sap.corp:8011/sap/opu/odata/iwbep/rmtsampleflight_2/CarrierCollection('NG')","type":"rmtsampleflight_2.Carrier","content_type":"text/html","media_src":"http://www.laudaair.com"},"AirLineID":"NG","AirLineName":"Lauda Air","LocalCurrencyCode":"EUR","URL":"http://www.laudaair.com","MimeType":"text/html","CarrierFlights":{"__deferred":{"uri":"http://fsdhost.wdf.sap.corp:8011/sap/opu/odata/iwbep/rmtsampleflight_2/CarrierCollection('NG')/CarrierFlights"}}},{"__metadata":{"id":"http://fsdhost.wdf.sap.corp:8011/sap/opu/odata/iwbep/rmtsampleflight_2/CarrierCollection('JL')","uri":"http://fsdhost.wdf.sap.corp:8011/sap/opu/odata/iwbep/rmtsampleflight_2/CarrierCollection('JL')","type":"rmtsampleflight_2.Carrier","content_type":"text/html","media_src":"http://www.jal.co.jp"},"AirLineID":"JL","AirLineName":"Japan Airlines","LocalCurrencyCode":"JPY","URL":"http://www.jal.co.jp","MimeType":"text/html","CarrierFlights":{"__deferred":{"uri":"http://fsdhost.wdf.sap.corp:8011/sap/opu/odata/iwbep/rmtsampleflight_2/CarrierCollection('JL')/CarrierFlights"}}},{"__metadata":{"id":"http://fsdhost.wdf.sap.corp:8011/sap/opu/odata/iwbep/rmtsampleflight_2/CarrierCollection('NW')","uri":"http://fsdhost.wdf.sap.corp:8011/sap/opu/odata/iwbep/rmtsampleflight_2/CarrierCollection('NW')","type":"rmtsampleflight_2.Carrier","content_type":"text/html","media_src":"http://www.nwa.com"},"AirLineID":"NW","AirLineName":"Northwest Airlines","LocalCurrencyCode":"USD","URL":"http://www.nwa.com","MimeType":"text/html","CarrierFlights":{"__deferred":{"uri":"http://fsdhost.wdf.sap.corp:8011/sap/opu/odata/iwbep/rmtsampleflight_2/CarrierCollection('NW')/CarrierFlights"}}},{"__metadata":{"id":"http://fsdhost.wdf.sap.corp:8011/sap/opu/odata/iwbep/rmtsampleflight_2/CarrierCollection('QF')","uri":"http://fsdhost.wdf.sap.corp:8011/sap/opu/odata/iwbep/rmtsampleflight_2/CarrierCollection('QF')","type":"rmtsampleflight_2.Carrier","content_type":"text/html","media_src":"http://www.qantas.com.au"},"AirLineID":"QF","AirLineName":"Qantas Airways","LocalCurrencyCode":"AUD","URL":"http://www.qantas.com.au","MimeType":"text/html","CarrierFlights":{"__deferred":{"uri":"http://fsdhost.wdf.sap.corp:8011/sap/opu/odata/iwbep/rmtsampleflight_2/CarrierCollection('QF')/CarrierFlights"}}},{"__metadata":{"id":"http://fsdhost.wdf.sap.corp:8011/sap/opu/odata/iwbep/rmtsampleflight_2/CarrierCollection('SA')","uri":"http://fsdhost.wdf.sap.corp:8011/sap/opu/odata/iwbep/rmtsampleflight_2/CarrierCollection('SA')","type":"rmtsampleflight_2.Carrier","content_type":"text/html","media_src":"http://www.saa.co.za"},"AirLineID":"SA","AirLineName":"South African Air.","LocalCurrencyCode":"ZAR","URL":"http://www.saa.co.za","MimeType":"text/html","CarrierFlights":{"__deferred":{"uri":"http://fsdhost.wdf.sap.corp:8011/sap/opu/odata/iwbep/rmtsampleflight_2/CarrierCollection('SA')/CarrierFlights"}}},{"__metadata":{"id":"http://fsdhost.wdf.sap.corp:8011/sap/opu/odata/iwbep/rmtsampleflight_2/CarrierCollection('SQ')","uri":"http://fsdhost.wdf.sap.corp:8011/sap/opu/odata/iwbep/rmtsampleflight_2/CarrierCollection('SQ')","type":"rmtsampleflight_2.Carrier","content_type":"text/html","media_src":"http://www.singaporeair.com"},"AirLineID":"SQ","AirLineName":"Singapore Airlines","LocalCurrencyCode":"SGD","URL":"http://www.singaporeair.com","MimeType":"text/html","CarrierFlights":{"__deferred":{"uri":"http://fsdhost.wdf.sap.corp:8011/sap/opu/odata/iwbep/rmtsampleflight_2/CarrierCollection('SQ')/CarrierFlights"}}},{"__metadata":{"id":"http://fsdhost.wdf.sap.corp:8011/sap/opu/odata/iwbep/rmtsampleflight_2/CarrierCollection('SR')","uri":"http://fsdhost.wdf.sap.corp:8011/sap/opu/odata/iwbep/rmtsampleflight_2/CarrierCollection('SR')","type":"rmtsampleflight_2.Carrier","content_type":"text/html","media_src":"http://www.swiss.com"},"AirLineID":"SR","AirLineName":"Swiss","LocalCurrencyCode":"CHF","URL":"http://www.swiss.com","MimeType":"text/html","CarrierFlights":{"__deferred":{"uri":"http://fsdhost.wdf.sap.corp:8011/sap/opu/odata/iwbep/rmtsampleflight_2/CarrierCollection('SR')/CarrierFlights"}}},{"__metadata":{"id":"http://fsdhost.wdf.sap.corp:8011/sap/opu/odata/iwbep/rmtsampleflight_2/CarrierCollection('UA')","uri":"http://fsdhost.wdf.sap.corp:8011/sap/opu/odata/iwbep/rmtsampleflight_2/CarrierCollection('UA')","type":"rmtsampleflight_2.Carrier","content_type":"text/html","media_src":"http://www.ual.com"},"AirLineID":"UA","AirLineName":"United Airlines","LocalCurrencyCode":"USD","URL":"http://www.ual.com","MimeType":"text/html","CarrierFlights":{"__deferred":{"uri":"http://fsdhost.wdf.sap.corp:8011/sap/opu/odata/iwbep/rmtsampleflight_2/CarrierCollection('UA')/CarrierFlights"}}}]}}