<edmx:Edmx xmlns:edmx="http://schemas.microsoft.com/ado/2007/06/edmx"
	xmlns:m="http://schemas.microsoft.com/ado/2007/08/dataservices/metadata" xmlns:sap="http://www.sap.com/Protocols/SAPData" Version="1.0">
	<edmx:Reference xmlns:edmx="http://docs.oasis-open.org/odata/ns/edmx"
		Uri="https://fsd.virtual:8000/sap/opu/odata/IWFND/CATALOGSERVICE;v=2/Vocabularies(TechnicalName='%2FIWBEP%2FVOC_COMMON',Version='0001',SAP__Origin='S4HANA')/$value"><edmx:Include Namespace="com.sap.vocabularies.Common.v1" Alias="Common"/></edmx:Reference>
	<edmx:Reference xmlns:edmx="http://docs.oasis-open.org/odata/ns/edmx"
		Uri="https://fsd.virtual:8000/sap/opu/odata/IWFND/CATALOGSERVICE;v=2/Vocabularies(TechnicalName='%2FIWBEP%2FVOC_CAPABILITIES',Version='0001',SAP__Origin='S4HANA')/$value"><edmx:Include Namespace="Org.OData.Capabilities.V1" Alias="Capabilities"/></edmx:Reference>
	<edmx:Reference xmlns:edmx="http://docs.oasis-open.org/odata/ns/edmx"
		Uri="https://fsd.virtual:8000/sap/opu/odata/IWFND/CATALOGSERVICE;v=2/Vocabularies(TechnicalName='%2FIWBEP%2FVOC_COMMUNICATION',Version='0001',SAP__Origin='S4HANA')/$value"><edmx:Include Namespace="com.sap.vocabularies.Communication.v1" Alias="Communication"/></edmx:Reference>
	<edmx:DataServices m:DataServiceVersion="2.0">
		<Schema xmlns="http://schemas.microsoft.com/ado/2008/09/edm" Namespace="ZUX420FLIGHTUI30_CDS" xml:lang="en" sap:schema-version="1">
			<EntityType Name="ZUX420FlightUI30Type" sap:label="Simple CDS view" sap:content-version="1">
				<Key><PropertyRef Name="carrid"/><PropertyRef Name="carrname"/><PropertyRef Name="connid"/></Key><Property Name="carrid" Type="Edm.String" Nullable="false" MaxLength="3" sap:display-format="UpperCase" sap:label="Airline"
					sap:quickinfo="Airline Code"/><Property Name="carrname" Type="Edm.String" Nullable="false" MaxLength="20" sap:label="Airline" sap:quickinfo="Airline name"/><Property Name="connid" Type="Edm.String" Nullable="false" MaxLength="4" sap:display-format="NonNegative" sap:label="Connection Number"
					sap:quickinfo="Flight Connection Number"/><Property Name="cityfrom" Type="Edm.String" MaxLength="20" sap:display-format="UpperCase" sap:label="Depart. city"
					sap:quickinfo="Departure city"/><Property Name="cityto" Type="Edm.String" MaxLength="20" sap:display-format="UpperCase" sap:label="Arrival city"/><Property Name="imgUrl" Type="Edm.String" MaxLength="19" sap:display-format="UpperCase"/></EntityType>
			<EntityContainer Name="ZUX420FLIGHTUI30_CDS_Entities" m:IsDefaultEntityContainer="true" sap:supported-formats="atom json xlsx"><EntitySet Name="ZUX420FlightUI30" EntityType="ZUX420FLIGHTUI30_CDS.ZUX420FlightUI30Type" sap:creatable="false" sap:updatable="false"
				sap:deletable="false" sap:content-version="1"/></EntityContainer><atom:link xmlns:atom="http://www.w3.org/2005/Atom" rel="self"
				href="https://fsd.virtual:8000/sap/opu/odata/sap/ZUX420FLIGHTUI30_CDS/$metadata"/><atom:link xmlns:atom="http://www.w3.org/2005/Atom" rel="latest-version"
				href="https://fsd.virtual:8000/sap/opu/odata/sap/ZUX420FLIGHTUI30_CDS/$metadata"/></Schema>
	</edmx:DataServices>
</edmx:Edmx>