<edmx:Edmx xmlns:edmx="http://docs.oasis-open.org/odata/ns/edmx" Version="4.0">
	<edmx:Reference
		Uri="../../catalogservice;v=2/Vocabularies(TechnicalName='%2FIWBEP%2FVOC_COMMON',Version='0001',SAP__Origin='S4HANA')/$value"><edmx:Include Namespace="com.sap.vocabularies.Common.v1" Alias="Common"/></edmx:Reference>
	<edmx:Reference Uri="../../catalogservice;v=2/Vocabularies(TechnicalName='%2FIWBEP%2FVOC_UI',Version='0001',SAP__Origin='S4HANA')/$value"><edmx:Include Namespace="com.sap.vocabularies.UI.v1" Alias="UI"/></edmx:Reference>
	<edmx:Reference
		Uri="../../catalogservice;v=2/Vocabularies(TechnicalName='%2FIWBEP%2FVOC_COMMUNICATION',Version='0001',SAP__Origin='S4HANA')/$value"><edmx:Include Namespace="com.sap.vocabularies.Communication.v1" Alias="Communication"/></edmx:Reference>
	<edmx:Reference Uri="../../../sap/zux420flightui30_cds/$metadata"><edmx:Include Namespace="ZUX420FLIGHTUI30_CDS" Alias="SAP"/></edmx:Reference>
	<edmx:DataServices>
		<Schema xmlns="http://docs.oasis-open.org/odata/ns/edm" Namespace="zux420flightui30_cds_van.v1">
			<Annotations Target="ZUX420FLIGHTUI30_CDS.ZUX420FlightUI30Type">
				<Annotation Term="UI.FieldGroup" Qualifier="FlightData">
					<Record>
						<PropertyValue Property="Data">
							<Collection>
								<Record Type="UI.DataField"><PropertyValue Property="Value" Path="connid"/></Record>
								<Record Type="UI.DataField"><PropertyValue Property="Value" Path="cityfrom"/></Record>
								<Record Type="UI.DataField"><PropertyValue Property="Value" Path="cityto"/></Record>
							</Collection>
						</PropertyValue><PropertyValue Property="Label" String="FlightData"/></Record>
				</Annotation>
				<Annotation Term="UI.HeaderInfo">
					<Record><PropertyValue Property="TypeName" String="ZUX402FlightUI00"/><PropertyValue Property="TypeNamePlural" String="ZU402FlightsUI00"/><PropertyValue Property="ImageUrl" Path="imgUrl"/>
						<PropertyValue Property="Title">
							<Record Type="UI.DataField"><PropertyValue Property="Value" Path="carrname"/></Record>
						</PropertyValue>
						<PropertyValue Property="Description">
							<Record Type="UI.DataField"><PropertyValue Property="Value" Path="connid"/></Record>
						</PropertyValue>
					</Record>
				</Annotation>
				<Annotation Term="UI.LineItem">
					<Collection>
						<Record Type="UI.DataField"><PropertyValue Property="Value" Path="carrid"/></Record>
						<Record Type="UI.DataField"><PropertyValue Property="Value" Path="carrname"/></Record>
						<Record Type="UI.DataField"><PropertyValue Property="Value" Path="connid"/></Record>
						<Record Type="UI.DataField"><PropertyValue Property="Value" Path="cityfrom"/></Record>
						<Record Type="UI.DataField"><PropertyValue Property="Value" Path="cityto"/></Record>
					</Collection>
				</Annotation>
				<Annotation Term="UI.SelectionFields">
					<Collection>
						<PropertyPath>carrname</PropertyPath>
						<PropertyPath>cityfrom</PropertyPath>
						<PropertyPath>cityto</PropertyPath>
					</Collection>
				</Annotation>
			</Annotations>
		</Schema>
	</edmx:DataServices>
</edmx:Edmx>