<edmx:Edmx xmlns:edmx="http://docs.oasis-open.org/odata/ns/edmx" Version="4.0">
	<edmx:Reference Uri="/sap/opu/odata/sap/ZUX402_FLIGHT_00_SRV/$metadata">
		<edmx:Include Alias="Metadata" Namespace="ZUX402_FLIGHT_00_SRV"/>
	</edmx:Reference>
	<edmx:Reference Uri="https://wiki.scn.sap.com/wiki/download/attachments/448470968/UI.xml?api=v2">
		<edmx:Include Alias="UI" Namespace="com.sap.vocabularies.UI.v1"/>
	</edmx:Reference>
	<edmx:DataServices>
		<Schema xmlns="http://docs.oasis-open.org/odata/ns/edm" Namespace="UX402_SmartTable.annotation.ZUX402_FLIGHT_00_SRV">
			<Annotations Target="Metadata.Flight">
				<Annotation Term="UI.SelectionFields">
					<Collection>
						<PropertyPath>Carrid</PropertyPath>
						<PropertyPath>Connid</PropertyPath>
						<PropertyPath>Price</PropertyPath>
					</Collection>
				</Annotation>
				<Annotation Term="UI.LineItem">
					<Collection>
						<Record Type="UI.DataField">
							<PropertyValue Property="Value" Path="Carrid"/>
						</Record>
						<Record Type="UI.DataField">
							<PropertyValue Property="Value" Path="Connid"/>
						</Record>
						<Record Type="UI.DataField">
							<PropertyValue Property="Value" Path="Fldate"/>
						</Record>
						<Record Type="UI.DataField">
							<PropertyValue Property="Value" Path="Price"/>
						</Record>
						<Record Type="UI.DataField">
							<PropertyValue Property="Value" Path="Planetype"/>
						</Record>
					</Collection>
				</Annotation>
				<Annotation Term="UI.HeaderInfo">
					<Record Type="UI.HeaderInfoType">
						<PropertyValue Property="TypeName" String="Flight"/>
						<PropertyValue Property="TypeNamePlural" String="Flights"/>
					</Record>
				</Annotation>
			</Annotations>
		</Schema>
	</edmx:DataServices>
</edmx:Edmx>