<edmx:Edmx xmlns:edmx="http://docs.oasis-open.org/odata/ns/edmx" Version="4.0">
	<edmx:Reference Uri="/sap/opu/odata/sap/ZUX402_FLIGHT_00_SRV/$metadata">
		<edmx:Include Alias="Metadata" Namespace="ZUX402_FLIGHT_00_SRV"/>
	</edmx:Reference>
	<edmx:Reference Uri="https://wiki.scn.sap.com/wiki/download/attachments/448470974/Common.xml?api=v2">
		<edmx:Include Alias="Common" Namespace="com.sap.vocabularies.Common.v1"/>
	</edmx:Reference>
	<edmx:DataServices>
		<Schema xmlns="http://docs.oasis-open.org/odata/ns/edm" Namespace="UX402_SmartFields.annotation.ZUX402_FLIGHT_00_SRV">
			<Annotations Target="Metadata.Flight/Currency">
				<Annotation Term="Common.ValueList">
					<Record Type="Common.ValueListType">
						<PropertyValue Property="CollectionPath" String="CurrencySet"/>
						<PropertyValue Property="Parameters">
							<Collection>
								<Record Type="Common.ValueListParameterOut">
									<PropertyValue Property="LocalDataProperty" PropertyPath="Currency"/>
									<PropertyValue Property="ValueListProperty" String="Waers"/>
								</Record>
								<Record Type="Common.ValueListParameterDisplayOnly">
									<PropertyValue Property="ValueListProperty" String="Ktext"/>
								</Record>
							</Collection>
						</PropertyValue>
						<PropertyValue Property="SearchSupported" Bool="true"/>
					</Record>
				</Annotation>
			</Annotations>
		</Schema>
	</edmx:DataServices>
</edmx:Edmx>